filename,width,height,class,xmin,ymin,xmax,ymax
Indian-Peafowl-21_jpg.rf.9d51a12d0cdcd8ca8879e45772f24eb1.jpg,640,640,peacock,153,19,507,640
00f1d8f7280b7fac_jpg.rf.9f8bdd726c9563cab98ef6d4b61d3a00.jpg,640,640,Human,98,133,170,231
00f1d8f7280b7fac_jpg.rf.9f8bdd726c9563cab98ef6d4b61d3a00.jpg,640,640,Human,290,226,353,308
1_271_png_jpg.rf.a39ef3faa3a9a1e2536be31371414cb3.jpg,640,640,Human,224,195,282,520
1_271_png_jpg.rf.a39ef3faa3a9a1e2536be31371414cb3.jpg,640,640,Human,424,89,538,443
Indian-Peafowl-162_jpg.rf.a8c8e415fd26fd0ef2342f580f45f62e.jpg,640,640,peacock,161,26,407,638
Indian-Peafowl-162_jpg.rf.a8c8e415fd26fd0ef2342f580f45f62e.jpg,640,640,peacock,167,48,295,137
Indian-Peafowl-111_jpg.rf.9f22a03dd848eee32245214ceea135f9.jpg,640,640,peacock,224,104,549,419
Indian-Peafowl-96_jpg.rf.a7e5eb9ded203ec03b2fb5c70cd3e2d6.jpg,640,640,peacock,445,0,631,640
0d465d53786bc9c8_jpg.rf.9e660f78357768ecd8977000c3d6d6a3.jpg,640,640,Human,285,451,328,525
0d465d53786bc9c8_jpg.rf.9e660f78357768ecd8977000c3d6d6a3.jpg,640,640,Human,387,449,424,532
0d465d53786bc9c8_jpg.rf.9e660f78357768ecd8977000c3d6d6a3.jpg,640,640,Human,442,445,472,520
0d465d53786bc9c8_jpg.rf.9e660f78357768ecd8977000c3d6d6a3.jpg,640,640,Human,489,421,526,512
0d465d53786bc9c8_jpg.rf.9e660f78357768ecd8977000c3d6d6a3.jpg,640,640,Human,444,546,480,627
0d465d53786bc9c8_jpg.rf.9e660f78357768ecd8977000c3d6d6a3.jpg,640,640,Human,571,425,592,513
0d465d53786bc9c8_jpg.rf.9e660f78357768ecd8977000c3d6d6a3.jpg,640,640,Human,598,475,627,551
0d465d53786bc9c8_jpg.rf.9e660f78357768ecd8977000c3d6d6a3.jpg,640,640,Human,306,394,332,433
0d465d53786bc9c8_jpg.rf.9e660f78357768ecd8977000c3d6d6a3.jpg,640,640,Human,347,390,375,424
0d465d53786bc9c8_jpg.rf.9e660f78357768ecd8977000c3d6d6a3.jpg,640,640,Human,407,376,434,406
0d465d53786bc9c8_jpg.rf.9e660f78357768ecd8977000c3d6d6a3.jpg,640,640,Human,435,361,457,398
0d465d53786bc9c8_jpg.rf.9e660f78357768ecd8977000c3d6d6a3.jpg,640,640,Human,222,527,261,620
0d465d53786bc9c8_jpg.rf.9e660f78357768ecd8977000c3d6d6a3.jpg,640,640,Human,0,452,20,529
0d465d53786bc9c8_jpg.rf.9e660f78357768ecd8977000c3d6d6a3.jpg,640,640,Human,211,363,237,394
0d465d53786bc9c8_jpg.rf.9e660f78357768ecd8977000c3d6d6a3.jpg,640,640,Human,212,425,239,472
Indian-Peafowl-171_jpg.rf.ad94c6c6fb8a66f22f508317db0a43f3.jpg,640,640,peacock,173,130,445,549
1b2f46cbf08f6746_jpg.rf.a8fe4cc932cf415f03a6ce9418332858.jpg,640,640,Human,152,153,261,385
Indian-Peafowl-185_jpg.rf.a2f76ff9ef617420744065f9920ed7cb.jpg,640,640,peacock,318,25,599,549
Indian-Peafowl-185_jpg.rf.a2f76ff9ef617420744065f9920ed7cb.jpg,640,640,peacock,190,86,557,568
Indian-Peafowl-123_jpg.rf.a8aded63cb508b69009696fb87975124.jpg,640,640,peacock,132,79,540,368
Indian-Peafowl-112_jpg.rf.aa7591ea67dbe9e38fee9441c3fe0fbd.jpg,640,640,peacock,328,255,388,421
0ed5e228cc202d5a_jpg.rf.a0726d36a299bc2f66c06420989671f8.jpg,640,640,Human,513,257,629,473
Indian-Peafowl-164_jpg.rf.abdf60c66eda7cc3c95af5039a45eb00.jpg,640,640,peacock,173,4,368,421
Indian-Peafowl-164_jpg.rf.abdf60c66eda7cc3c95af5039a45eb00.jpg,640,640,peacock,214,228,418,624
0b63718fdf77cbfd_jpg.rf.9ba4ae4c35bcccc68dc4daf6ae6be5e6.jpg,640,640,Human,5,247,72,306
0b63718fdf77cbfd_jpg.rf.9ba4ae4c35bcccc68dc4daf6ae6be5e6.jpg,640,640,Human,68,300,97,348
0b63718fdf77cbfd_jpg.rf.9ba4ae4c35bcccc68dc4daf6ae6be5e6.jpg,640,640,Human,132,343,164,380
0b63718fdf77cbfd_jpg.rf.9ba4ae4c35bcccc68dc4daf6ae6be5e6.jpg,640,640,Human,158,342,187,379
0b63718fdf77cbfd_jpg.rf.9ba4ae4c35bcccc68dc4daf6ae6be5e6.jpg,640,640,Human,193,332,224,364
0b63718fdf77cbfd_jpg.rf.9ba4ae4c35bcccc68dc4daf6ae6be5e6.jpg,640,640,Human,207,253,283,322
0b63718fdf77cbfd_jpg.rf.9ba4ae4c35bcccc68dc4daf6ae6be5e6.jpg,640,640,Human,265,318,300,346
0b63718fdf77cbfd_jpg.rf.9ba4ae4c35bcccc68dc4daf6ae6be5e6.jpg,640,640,Human,328,322,350,360
0b63718fdf77cbfd_jpg.rf.9ba4ae4c35bcccc68dc4daf6ae6be5e6.jpg,640,640,Human,305,329,322,367
0b63718fdf77cbfd_jpg.rf.9ba4ae4c35bcccc68dc4daf6ae6be5e6.jpg,640,640,Human,352,328,373,356
0b63718fdf77cbfd_jpg.rf.9ba4ae4c35bcccc68dc4daf6ae6be5e6.jpg,640,640,Human,431,310,452,365
0b63718fdf77cbfd_jpg.rf.9ba4ae4c35bcccc68dc4daf6ae6be5e6.jpg,640,640,Human,455,299,475,357
0a2c2e23a3af7c23_jpg.rf.a584fdbce94a9b42bea7409dbeefa3ec.jpg,640,640,Human,112,22,441,617
0ebd1b29e6ef71aa_jpg.rf.a43db09dd74a107136d6f4f7d95c952e.jpg,640,640,Human,133,229,219,494
0ebd1b29e6ef71aa_jpg.rf.a43db09dd74a107136d6f4f7d95c952e.jpg,640,640,Human,596,155,640,588
Indian-Peafowl-83_jpg.rf.ab061e035dcbd6a695190be2add3870a.jpg,640,640,peacock,271,0,640,640
1a763abefb1681fc_jpg.rf.9ff4e94c42db8b72f26cfa94e2669a38.jpg,640,640,Human,203,383,566,640
-1-_jpg.rf.aed7110e65d6a32ef32152308f7e551d.jpg,640,640,Human,49,289,152,442
-1-_jpg.rf.aed7110e65d6a32ef32152308f7e551d.jpg,640,640,Human,139,134,204,241
-1-_jpg.rf.aed7110e65d6a32ef32152308f7e551d.jpg,640,640,Human,265,117,330,218
-1-_jpg.rf.aed7110e65d6a32ef32152308f7e551d.jpg,640,640,Human,207,9,275,111
-1-_jpg.rf.aed7110e65d6a32ef32152308f7e551d.jpg,640,640,Human,520,385,530,393
-1-_jpg.rf.aed7110e65d6a32ef32152308f7e551d.jpg,640,640,Human,533,330,608,462
0ad7f97706c32265_jpg.rf.ac0fbb286e137b6da7ea4c2e8ecba6a3.jpg,640,640,Human,226,103,547,431
Indian-Peafowl-70_jpg.rf.a2ce8c9ffc85218e4cb3c57dbb80d7ee.jpg,640,640,peacock,216,177,383,623
1_250_png_jpg.rf.adc421484a5909b5693d1b3014a04d10.jpg,640,640,Human,265,154,418,306
1_250_png_jpg.rf.adc421484a5909b5693d1b3014a04d10.jpg,640,640,Human,135,420,251,538
Indian-Peafowl-153_jpg.rf.9d8632720e3a49db9323932ec06e658e.jpg,640,640,peacock,227,244,406,550
Indian-Peafowl-153_jpg.rf.9d8632720e3a49db9323932ec06e658e.jpg,640,640,peacock,269,349,618,537
Indian-Peafowl-41_jpg.rf.a25a737fd197c9e7e052c2a3d3b05c85.jpg,640,640,peacock,108,53,344,484
Indian-Peafowl-315_jpg.rf.af9ceef0e938e54a7e97077a190ae5bd.jpg,640,640,peacock,464,14,603,268
Indian-Peafowl-194_jpg.rf.af6f3eb2f01482aa0b2d172c5da4a890.jpg,640,640,peacock,143,147,502,638
Indian-Peafowl-114_jpg.rf.b763a9ad7bdfc8516b9f9afee766c19c.jpg,640,640,peacock,404,104,505,388
Indian-Peafowl-223_jpg.rf.b3339da4d768656a71b6c93b1c3e5eea.jpg,640,640,peacock,225,133,398,503
Indian-Peafowl-13_jpg.rf.b53377097628f7e519249a5a39f96088.jpg,640,640,peacock,266,69,529,609
1aa0e49459a13458_jpg.rf.b6dc480adacfb82a215c8f02d922644c.jpg,640,640,Human,144,2,568,103
1aa0e49459a13458_jpg.rf.b6dc480adacfb82a215c8f02d922644c.jpg,640,640,Human,258,226,537,385
1aa0e49459a13458_jpg.rf.b6dc480adacfb82a215c8f02d922644c.jpg,640,640,Human,236,487,405,556
1aa0e49459a13458_jpg.rf.b6dc480adacfb82a215c8f02d922644c.jpg,640,640,Human,238,416,433,474
Indian-Peafowl-109_jpg.rf.b7a227b55de5b6225c9db3899dfab25e.jpg,640,640,peacock,318,103,422,510
0a90f7216cf299cd_jpg.rf.b8cdc7d3fb5a3b8ee28cc276e143ee9d.jpg,640,640,Human,380,236,421,330
0a90f7216cf299cd_jpg.rf.b8cdc7d3fb5a3b8ee28cc276e143ee9d.jpg,640,640,Human,180,277,243,347
0a90f7216cf299cd_jpg.rf.b8cdc7d3fb5a3b8ee28cc276e143ee9d.jpg,640,640,Human,60,275,91,325
0a90f7216cf299cd_jpg.rf.b8cdc7d3fb5a3b8ee28cc276e143ee9d.jpg,640,640,Human,19,287,41,344
0a90f7216cf299cd_jpg.rf.b8cdc7d3fb5a3b8ee28cc276e143ee9d.jpg,640,640,Human,0,277,21,314
Indian-Peafowl-265_jpeg_jpg.rf.b9e023f2e793bbe3b18e0687d5f687ab.jpg,640,640,peacock,270,228,474,592
Indian-Peafowl-22_jpg.rf.b809383bc9724bf2d56f8e9a6c375df9.jpg,640,640,peacock,380,118,441,269
Indian-Peafowl-22_jpg.rf.b809383bc9724bf2d56f8e9a6c375df9.jpg,640,640,peacock,172,191,377,449
Indian-Peafowl-22_jpg.rf.b809383bc9724bf2d56f8e9a6c375df9.jpg,640,640,peacock,258,273,400,397
Indian-Peafowl-187_jpg.rf.ba7b4c2e6103675928c02163d5bb75d0.jpg,640,640,peacock,182,188,559,640
00f2e324e99bf8d5_jpg.rf.bbadf6bbc277cd354da7c0f81f10b879.jpg,640,640,peacock,211,220,255,264
00f2e324e99bf8d5_jpg.rf.bbadf6bbc277cd354da7c0f81f10b879.jpg,640,640,Human,13,202,49,249
00f2e324e99bf8d5_jpg.rf.bbadf6bbc277cd354da7c0f81f10b879.jpg,640,640,Human,112,179,174,257
00f2e324e99bf8d5_jpg.rf.bbadf6bbc277cd354da7c0f81f10b879.jpg,640,640,Human,293,225,329,271
00f2e324e99bf8d5_jpg.rf.bbadf6bbc277cd354da7c0f81f10b879.jpg,640,640,Human,339,220,369,255
00f2e324e99bf8d5_jpg.rf.bbadf6bbc277cd354da7c0f81f10b879.jpg,640,640,Human,389,221,418,258
00f2e324e99bf8d5_jpg.rf.bbadf6bbc277cd354da7c0f81f10b879.jpg,640,640,Human,436,231,464,270
00f2e324e99bf8d5_jpg.rf.bbadf6bbc277cd354da7c0f81f10b879.jpg,640,640,Human,478,241,509,283
00f2e324e99bf8d5_jpg.rf.bbadf6bbc277cd354da7c0f81f10b879.jpg,640,640,Human,518,245,576,274
00f2e324e99bf8d5_jpg.rf.bbadf6bbc277cd354da7c0f81f10b879.jpg,640,640,Human,588,247,622,297
00f2e324e99bf8d5_jpg.rf.bbadf6bbc277cd354da7c0f81f10b879.jpg,640,640,Human,66,212,91,267
00f2e324e99bf8d5_jpg.rf.bbadf6bbc277cd354da7c0f81f10b879.jpg,640,640,Human,31,199,62,247
00f2e324e99bf8d5_jpg.rf.bbadf6bbc277cd354da7c0f81f10b879.jpg,640,640,Human,216,215,244,253
00f2e324e99bf8d5_jpg.rf.bbadf6bbc277cd354da7c0f81f10b879.jpg,640,640,Human,257,240,283,283
00f2e324e99bf8d5_jpg.rf.bbadf6bbc277cd354da7c0f81f10b879.jpg,640,640,Human,298,230,341,274
Indian-Peafowl-326_jpg.rf.bb34bf366278b358fad6f21cb391e837.jpg,640,640,Human,102,39,620,529
1c99b45415ad0cc4_jpg.rf.bb1cd51a0a160d3f9cb5872765725076.jpg,640,640,Human,72,162,152,518
1c99b45415ad0cc4_jpg.rf.bb1cd51a0a160d3f9cb5872765725076.jpg,640,640,Human,451,207,542,485
1_266_png_jpg.rf.b39d7c756948db5fc23fd9e79afeac01.jpg,640,640,Human,308,63,523,571
Indian-Peafowl-178_jpg.rf.bc68b938d4b12bf90d2f55f52b9f7230.jpg,640,640,peacock,277,197,509,515
Indian-Peafowl-178_jpg.rf.bc68b938d4b12bf90d2f55f52b9f7230.jpg,640,640,peacock,138,135,497,393
Indian-Peafowl-304_jpg.rf.bd3cba41130eb0a5ed87d170876ade85.jpg,640,640,peacock,166,5,434,622
1_261_png_jpg.rf.bd563a5a4dd54d354d0d96c93e2dd6db.jpg,640,640,Human,125,0,317,162
0c18ff3149329be3_jpg.rf.bccac5ff4c65b8a0ed0ebee24c949583.jpg,640,640,Human,452,66,627,521
Indian-Peafowl-140_jpg.rf.bea4efb12e55bc0fe75d86c0e0ddc987.jpg,640,640,peacock,125,30,610,360
Indian-Peafowl-140_jpg.rf.bea4efb12e55bc0fe75d86c0e0ddc987.jpg,640,640,peacock,72,57,640,632
1a7b57ae48f372cf_jpg.rf.beaf5335290c285bab35d644ac67d4ed.jpg,640,640,Human,304,257,426,505
Indian-Peafowl-273_jpg.rf.bfba72297af04ab55a8df6e08877cdaf.jpg,640,640,peacock,23,1,624,640
Indian-Peafowl-65_jpg.rf.b4260e27ff11d880c41940c244bf3e9a.jpg,640,640,peacock,256,53,477,492
Indian-Peafowl-126_jpg.rf.c024f43a30a2406b8ec6bb1dc9b23245.jpg,640,640,peacock,212,212,579,477
Indian-Peafowl-161_jpg.rf.c9d046c02ff11ddae595c071c889f52a.jpg,640,640,peacock,166,89,525,617
Indian-Peafowl-192_jpg.rf.c688037c92f7c2d447540013d2baf762.jpg,640,640,peacock,55,41,475,640
0dc9159f219903c2_jpg.rf.c0e279f9bc89dec493ec054583969e62.jpg,640,640,Human,185,505,206,572
0dc9159f219903c2_jpg.rf.c0e279f9bc89dec493ec054583969e62.jpg,640,640,Human,115,398,128,430
0dc9159f219903c2_jpg.rf.c0e279f9bc89dec493ec054583969e62.jpg,640,640,Human,315,428,328,478
0dc9159f219903c2_jpg.rf.c0e279f9bc89dec493ec054583969e62.jpg,640,640,Human,538,468,557,530
0dc9159f219903c2_jpg.rf.c0e279f9bc89dec493ec054583969e62.jpg,640,640,Human,577,416,585,451
0dc9159f219903c2_jpg.rf.c0e279f9bc89dec493ec054583969e62.jpg,640,640,Human,495,401,509,438
0dc9159f219903c2_jpg.rf.c0e279f9bc89dec493ec054583969e62.jpg,640,640,Human,387,378,404,406
0dc9159f219903c2_jpg.rf.c0e279f9bc89dec493ec054583969e62.jpg,640,640,Human,334,390,348,420
0dc9159f219903c2_jpg.rf.c0e279f9bc89dec493ec054583969e62.jpg,640,640,Human,314,374,323,394
0dc9159f219903c2_jpg.rf.c0e279f9bc89dec493ec054583969e62.jpg,640,640,Human,269,385,277,405
0dc9159f219903c2_jpg.rf.c0e279f9bc89dec493ec054583969e62.jpg,640,640,Human,195,380,208,406
0dc9159f219903c2_jpg.rf.c0e279f9bc89dec493ec054583969e62.jpg,640,640,Human,205,417,226,455
0dc9159f219903c2_jpg.rf.c0e279f9bc89dec493ec054583969e62.jpg,640,640,Human,40,448,61,499
0dc9159f219903c2_jpg.rf.c0e279f9bc89dec493ec054583969e62.jpg,640,640,Human,61,400,70,427
0dc9159f219903c2_jpg.rf.c0e279f9bc89dec493ec054583969e62.jpg,640,640,Human,608,371,626,406
Indian-Peafowl-258_jpeg_jpg.rf.ca1db845cbd9dda0a475fa34aaa8db71.jpg,640,640,peacock,5,70,523,513
Indian-Peafowl-228_jpg.rf.ca3930c6f2cbb046daa0a43cf82d2e5d.jpg,640,640,peacock,0,46,496,634
Indian-Peafowl-44_jpg.rf.c2ceea664dae1d6da9de8cc69e3d66d4.jpg,640,640,peacock,268,176,274,177
Indian-Peafowl-44_jpg.rf.c2ceea664dae1d6da9de8cc69e3d66d4.jpg,640,640,peacock,248,194,468,640
1_274_png_jpg.rf.cbbb9201a98a41f11a7a964d239db66f.jpg,640,640,Human,79,101,284,640
0b2ff49918e43288_jpg.rf.cc55a120641971a39a8b9f65e2ec1050.jpg,640,640,Human,87,44,392,640
0c98c1ccdd5ea5d7_jpg.rf.cbe45a61cba07bb044fb19f2a12d29b8.jpg,640,640,Human,149,53,523,609
1_236_png_jpg.rf.cc60b2a396973c06e0ee95b1c8019180.jpg,640,640,Human,386,67,554,482
1_236_png_jpg.rf.cc60b2a396973c06e0ee95b1c8019180.jpg,640,640,Human,436,0,586,142
1_262_png_jpg.rf.cc8ac930a26abc18a41e09cd913b7ec6.jpg,640,640,Human,127,193,238,332
1_262_png_jpg.rf.cc8ac930a26abc18a41e09cd913b7ec6.jpg,640,640,Human,359,178,462,314
1_262_png_jpg.rf.cc8ac930a26abc18a41e09cd913b7ec6.jpg,640,640,Human,498,215,584,370
Indian-Peafowl-75_jpg.rf.cbc366cada9a069ae9b8416b267a9847.jpg,640,640,peacock,134,82,486,640
Indian-Peafowl-131_jpg.rf.ced799e1eb7964e07ad059a9a105f644.jpg,640,640,peacock,5,2,631,638
-1-_jpg.rf.cd2113f30b0fc32f63d0affe21a2e251.jpg,640,640,Human,36,262,118,387
-1-_jpg.rf.cd2113f30b0fc32f63d0affe21a2e251.jpg,640,640,Human,332,52,404,180
-1-_jpg.rf.cd2113f30b0fc32f63d0affe21a2e251.jpg,640,640,Human,475,77,532,222
-1-_jpg.rf.cd2113f30b0fc32f63d0affe21a2e251.jpg,640,640,Human,499,273,590,371
-1-_jpg.rf.cd2113f30b0fc32f63d0affe21a2e251.jpg,640,640,Human,388,2,497,75
Indian-Peafowl-90_jpg.rf.ccab6573fa711489acb3b8b501c2bc92.jpg,640,640,peacock,291,48,541,524
Indian-Peafowl-58_jpg.rf.cc6cd3292ffb75de5071b8801fd5f0df.jpg,640,640,peacock,4,4,640,637
Indian-Peafowl-255_jpg.rf.cf2adaa9b8e2f6d487ce3c16014b0c0f.jpg,640,640,peacock,474,11,596,293
Indian-Peafowl-148_jpg.rf.d0f55f3acad6ee5fd6de3b821ad33a2f.jpg,640,640,peacock,256,290,454,640
Indian-Peafowl-148_jpg.rf.d0f55f3acad6ee5fd6de3b821ad33a2f.jpg,640,640,peacock,9,36,604,640
Indian-Peafowl-48_jpg.rf.d2328411f50a25a34d13923f93672705.jpg,640,640,peacock,379,0,528,622
1c472cf9ea661f1d_jpg.rf.d5f3621a1a92f3d25880e74b1939a259.jpg,640,640,Human,19,29,610,640
0e3f0d1374d6d533_jpg.rf.d40709b74a801118fb0996105aed55f9.jpg,640,640,Human,245,174,370,508
1c22b899392ed668_jpg.rf.d74438528e50904f7fe7d438abf35f4e.jpg,640,640,Human,135,20,304,265
1c22b899392ed668_jpg.rf.d74438528e50904f7fe7d438abf35f4e.jpg,640,640,Human,335,122,451,294
Indian-Peafowl-106_jpg.rf.d60e69228937ed9c75b2b7ebde5c0e30.jpg,640,640,peacock,260,289,402,583
Indian-Peafowl-113_jpg.rf.d6697b06f76b350a416a748f494fc203.jpg,640,640,peacock,4,4,638,638
Indian-Peafowl-206_jpg.rf.d2c6f8ea309ef5db3904b3496b71cc12.jpg,640,640,peacock,293,27,441,571
Indian-Peafowl-308_jpg.rf.d918c8880789d336a350a04ae71591d0.jpg,640,640,peacock,290,254,435,515
Indian-Peafowl-305_jpg.rf.d9644814690df4b0b4ebf399f0c25e79.jpg,640,640,peacock,306,207,431,504
Indian-Peafowl-145_jpg.rf.da2d67570f092388350d90e4af16d1fc.jpg,640,640,peacock,311,50,476,589
Indian-Peafowl-145_jpg.rf.da2d67570f092388350d90e4af16d1fc.jpg,640,640,peacock,119,294,408,640
Indian-Peafowl-25_jpg.rf.da4a8f467f1977087713d0f5b47cfa8b.jpg,640,640,peacock,288,25,493,626
Indian-Peafowl-207_jpg.rf.da55238591c6c4f417531e4f548b425a.jpg,640,640,peacock,137,104,467,393
Indian-Peafowl-203_jpg.rf.da8df9afeaedf9938b8dbf372a08c5b3.jpg,640,640,peacock,101,105,501,604
Indian-Peafowl-191_jpg.rf.d96d3abdbea0f3d39972c070a56d205f.jpg,640,640,peacock,180,196,433,496
Indian-Peafowl-2_jpg.rf.daeb50eac7e70eb0429032f1ad6af9f0.jpg,640,640,peacock,8,0,640,640
Indian-Peafowl-289_jpg.rf.dbd1297f01fac52e2b6f4cd8732ca74b.jpg,640,640,peacock,96,79,465,603
Indian-Peafowl-142_jpg.rf.dd2622ad7455be30a9b85d532c31e4e9.jpg,640,640,peacock,53,176,278,640
Indian-Peafowl-142_jpg.rf.dd2622ad7455be30a9b85d532c31e4e9.jpg,640,640,peacock,232,318,537,640
Indian-Peafowl-240_jpg.rf.dbef7af87d645dffbb824fcca53dedde.jpg,640,640,peacock,81,35,604,628
Indian-Peafowl-81_jpg.rf.e0f7ddc394c8652b768213489669250c.jpg,640,640,peacock,266,97,565,489
Indian-Peafowl-209_jpg.rf.e1180c11eb2239d70a38034ffb02151b.jpg,640,640,peacock,321,50,421,490
1_255_png_jpg.rf.e05b450024ac6077a904330386fbdea1.jpg,640,640,Human,385,54,482,118
1_255_png_jpg.rf.e05b450024ac6077a904330386fbdea1.jpg,640,640,Human,493,22,581,178
Indian-Peafowl-151_jpg.rf.e1579c339bda8a03ee069c8222fefc70.jpg,640,640,peacock,239,130,482,586
0f4e339814858e45_jpg.rf.e4eb4999238407bdff8c00db3b71a949.jpg,640,640,Human,0,288,235,612
0f4e339814858e45_jpg.rf.e4eb4999238407bdff8c00db3b71a949.jpg,640,640,Human,417,288,640,639
0f4e339814858e45_jpg.rf.e4eb4999238407bdff8c00db3b71a949.jpg,640,640,Human,107,117,246,250
0f4e339814858e45_jpg.rf.e4eb4999238407bdff8c00db3b71a949.jpg,640,640,Human,235,43,306,134
0f4e339814858e45_jpg.rf.e4eb4999238407bdff8c00db3b71a949.jpg,640,640,Human,344,97,362,131
0f4e339814858e45_jpg.rf.e4eb4999238407bdff8c00db3b71a949.jpg,640,640,Human,371,117,394,165
0f4e339814858e45_jpg.rf.e4eb4999238407bdff8c00db3b71a949.jpg,640,640,Human,417,153,450,215
0f4e339814858e45_jpg.rf.e4eb4999238407bdff8c00db3b71a949.jpg,640,640,Human,367,173,397,225
Indian-Peafowl-87_jpg.rf.e24371830b6761deaf457cf2081195bd.jpg,640,640,peacock,112,97,491,640
Indian-Peafowl-35_jpg.rf.e34a4b40a30d9150fc69c74f43a8703e.jpg,640,640,peacock,368,199,483,417
Indian-Peafowl-35_jpg.rf.e34a4b40a30d9150fc69c74f43a8703e.jpg,640,640,peacock,239,199,355,444
Indian-Peafowl-9_jpg.rf.e56c8f6a1b08876456912cd4ec551b36.jpg,640,640,peacock,0,0,640,640
0ddb58478a6c3d01_jpg.rf.e94776768f23f8ec9ddef80854875412.jpg,640,640,Human,147,39,219,229
Indian-Peafowl-147_jpg.rf.e97f51521c5538930c5af1e0db63525c.jpg,640,640,peacock,189,320,348,591
Indian-Peafowl-147_jpg.rf.e97f51521c5538930c5af1e0db63525c.jpg,640,640,peacock,352,119,563,441
Indian-Peafowl-147_jpg.rf.e97f51521c5538930c5af1e0db63525c.jpg,640,640,peacock,95,289,354,485
Indian-Peafowl-147_jpg.rf.e97f51521c5538930c5af1e0db63525c.jpg,640,640,peacock,43,94,601,591
Indian-Peafowl-55_jpg.rf.dbf7609f07988c10ee02a94633bfa19a.jpg,640,640,peacock,279,44,624,640
Indian-Peafowl-150_jpg.rf.eb3ab26834db556f3f299b476ed07eb8.jpg,640,640,peacock,175,121,493,624
Indian-Peafowl-15_jpg.rf.ea3dfbdab52e1e5a7b2292de4702b0c2.jpg,640,640,peacock,272,0,640,640
Indian-Peafowl-195_jpg.rf.ec32e6baaffe577499cc9b370dc83d78.jpg,640,640,peacock,200,54,446,640
Indian-Peafowl-139_jpg.rf.eabe4ad7e9ba1ce56859c52c1277200a.jpg,640,640,peacock,205,171,425,510
Indian-Peafowl-139_jpg.rf.eabe4ad7e9ba1ce56859c52c1277200a.jpg,640,640,peacock,444,70,640,189
Indian-Peafowl-139_jpg.rf.eabe4ad7e9ba1ce56859c52c1277200a.jpg,640,640,peacock,137,391,256,506
Indian-Peafowl-139_jpg.rf.eabe4ad7e9ba1ce56859c52c1277200a.jpg,640,640,peacock,288,86,489,252
Indian-Peafowl-144_jpg.rf.e68ef182fa3ec57375a33769d9687a1a.jpg,640,640,peacock,310,168,549,640
Indian-Peafowl-144_jpg.rf.e68ef182fa3ec57375a33769d9687a1a.jpg,640,640,peacock,0,2,356,359
Indian-Peafowl-144_jpg.rf.e68ef182fa3ec57375a33769d9687a1a.jpg,640,640,peacock,139,412,232,489
Indian-Peafowl-144_jpg.rf.e68ef182fa3ec57375a33769d9687a1a.jpg,640,640,peacock,380,1,640,152
Indian-Peafowl-79_jpg.rf.ee27aa0e5da495f897109b57d6f1ffe4.jpg,640,640,peacock,43,38,379,618
Indian-Peafowl-329_jpg.rf.ec0cec770dc860f831363c37ab587ebc.jpg,640,640,peacock,256,3,640,640
Indian-Peafowl-39_jpg.rf.ec3786d6abcfe3f57c929025df2f7003.jpg,640,640,peacock,200,0,640,640
Indian-Peafowl-38_jpg.rf.ee58d0ba0a48bad7cf486a34da233b61.jpg,640,640,peacock,34,62,322,640
Indian-Peafowl-168_jpg.rf.ee78f8174a546d3db7bd36fedbfa21e0.jpg,640,640,peacock,0,0,621,619
Indian-Peafowl-168_jpg.rf.ee78f8174a546d3db7bd36fedbfa21e0.jpg,640,640,peacock,102,47,230,157
1_268_png_jpg.rf.ebba9629566b1150aa4184b0e7f8ec8e.jpg,640,640,Human,402,86,509,438
1_254_png_jpg.rf.f01aa6cc73277954ed85ffbd921e5b66.jpg,640,640,Human,450,87,571,527
Indian-Peafowl-204_jpg.rf.ef2fa9c8a6f223f826a4b8df513ac640.jpg,640,640,peacock,312,223,550,365
Indian-Peafowl-74_jpg.rf.edd157b8adf53d3b86230bd75ab77396.jpg,640,640,peacock,428,66,638,490
Indian-Peafowl-175_jpg.rf.f09c51e52ad5819b204c75482ce4ad85.jpg,640,640,peacock,176,122,403,303
Indian-Peafowl-175_jpg.rf.f09c51e52ad5819b204c75482ce4ad85.jpg,640,640,peacock,140,287,208,506
Indian-Peafowl-260_jpg.rf.f00b2686b50a6d6740ee4903467b91aa.jpg,640,640,peacock,221,173,352,492
Indian-Peafowl-134_jpg.rf.f0c136c57387ecdc9978247ba5e4cbf3.jpg,640,640,peacock,8,2,640,530
Indian-Peafowl-47_jpg.rf.f27b8c245090bef3e01cb129125ab0d0.jpg,640,640,peacock,108,67,468,581
Indian-Peafowl-319_jpg.rf.f03d820520ec26b0d5fc3092ad3a2c6d.jpg,640,640,peacock,49,300,323,526
Indian-Peafowl-128_jpg.rf.f0d199f869f82c7423916ba57631b30a.jpg,640,640,peacock,149,0,568,636
Indian-Peafowl-316_jpg.rf.f3b5b4b9c49fe7ef4f5bc6a4f7543bbb.jpg,640,640,peacock,109,163,335,575
Indian-Peafowl-64_jpg.rf.eb9c67722eaf3df9812f22693309ce36.jpg,640,640,peacock,225,127,502,540
Indian-Peafowl-205_jpg.rf.f4a02309e76f5fe751e6229cbc1022f6.jpg,640,640,peacock,34,51,638,640
Indian-Peafowl-141_jpg.rf.f5c4decd4c6d2be70d531a40247fb2f4.jpg,640,640,peacock,159,104,576,442
0b28af204f31f5b0_jpg.rf.f6d3abc88d8df6a841dd1ca2fd4abb16.jpg,640,640,Human,149,37,339,267
1b6d91489665a227_jpg.rf.f4e68059ad8e8c113864d5abc88b006c.jpg,640,640,Human,34,7,62,51
Indian-Peafowl-85_jpg.rf.f5283441457631f09df35f6b99cfaa8f.jpg,640,640,peacock,198,24,581,640
Indian-Peafowl-173_jpg.rf.f599d9ead1dc6719f9abbf59b4281366.jpg,640,640,peacock,205,229,417,496
Indian-Peafowl-211_jpg.rf.f9645711b8fccc442340c512ea388089.jpg,640,640,peacock,166,0,458,636
Indian-Peafowl-238_jpg.rf.e1d6ff4e8f1fce743f09098e9cb969a2.jpg,640,640,peacock,6,1,640,640
Indian-Peafowl-210_jpg.rf.fada163ff91d6777d54ecf078f01a7ae.jpg,640,640,peacock,71,9,589,640
Indian-Peafowl-118_jpg.rf.faef8a895de04d8ba4dfd81974e4d829.jpg,640,640,peacock,328,82,421,311
1_270_png_jpg.rf.fe7706415f049d31c35e8b28d18b9d62.jpg,640,640,Human,265,165,371,269
Indian-Peafowl-61_jpg.rf.fd62e5c3afc2c2e2e05788e629d857c3.jpg,640,640,peacock,226,109,639,640
Indian-Peafowl-73_jpg.rf.fb01a34ffcc0a5c77e23f5386b4ecde0.jpg,640,640,peacock,95,93,208,330
0e8416baa31de6e5_jpg.rf.fcc1db00acbba2e86c7d24f6ce82ca71.jpg,640,640,Human,175,0,475,299
Indian-Peafowl-19_jpg.rf.fb4a92689d6aa78fd594d15283a61a18.jpg,640,640,peacock,0,1,634,640
0fef2a29c4eeae16_jpg.rf.fea1370a5dea7e620df32d806a8bd39e.jpg,640,640,Human,436,224,482,395
0fef2a29c4eeae16_jpg.rf.fea1370a5dea7e620df32d806a8bd39e.jpg,640,640,Human,518,205,634,450
0fef2a29c4eeae16_jpg.rf.fea1370a5dea7e620df32d806a8bd39e.jpg,640,640,Human,140,96,277,583
0fef2a29c4eeae16_jpg.rf.fea1370a5dea7e620df32d806a8bd39e.jpg,640,640,Human,400,150,429,224
0fef2a29c4eeae16_jpg.rf.fea1370a5dea7e620df32d806a8bd39e.jpg,640,640,Human,455,151,491,223
0fef2a29c4eeae16_jpg.rf.fea1370a5dea7e620df32d806a8bd39e.jpg,640,640,Human,554,152,586,210
0fef2a29c4eeae16_jpg.rf.fea1370a5dea7e620df32d806a8bd39e.jpg,640,640,Human,619,176,640,221
Indian-Peafowl-10_jpg.rf.ffb47e2338669d743a248e41d8c52552.jpg,640,640,peacock,90,96,580,590
Indian-Peafowl-82_jpg.rf.f8a3c80b9c846f587a25f662e67dee89.jpg,640,640,peacock,314,0,541,333
Indian-Peafowl-245_jpg.rf.fead81e7e0445f2939036217c1fa9d74.jpg,640,640,peacock,229,27,640,594
Indian-Peafowl-287_jpg.rf.0425684e753f4b8f99f5c5771386fd83.jpg,640,640,peacock,2,15,371,640
Indian-Peafowl-169_jpg.rf.09700191254834ad5508f35e1b71459b.jpg,640,640,peacock,316,162,446,306
Indian-Peafowl-169_jpg.rf.09700191254834ad5508f35e1b71459b.jpg,640,640,peacock,282,267,346,379
Indian-Peafowl-215_jpg.rf.044802879ea2ad60416b1d316887564b.jpg,640,640,peacock,97,19,590,640
Indian-Peafowl-133_jpg.rf.097414c16a3031fb864f59e07bffdfcc.jpg,640,640,peacock,116,111,253,638
Indian-Peafowl-298_jpg.rf.09af007e446be37928cb7b48c7b888bf.jpg,640,640,peacock,44,72,640,484
Indian-Peafowl-254_jpg.rf.04b6c3d1fc8454aaf9627eb768b8458f.jpg,640,640,peacock,6,18,579,542
Indian-Peafowl-44_jpg.rf.097a606b3b8589d2c32313a7a956c248.jpg,640,640,peacock,7,5,638,638
0da1d15ea2156327_jpg.rf.09e9bae8b22c4fba371714e20a0a4b5c.jpg,640,640,Human,221,96,368,568
Indian-Peafowl-182_jpg.rf.0d8030469d4f66da7bbf9a41d9e9382c.jpg,640,640,peacock,76,108,510,626
0f72206e2042c248_jpg.rf.0e0a2d5c76a4a593f10b907eb349444b.jpg,640,640,Human,123,0,339,359
0f72206e2042c248_jpg.rf.0e0a2d5c76a4a593f10b907eb349444b.jpg,640,640,Human,380,0,523,224
Indian-Peafowl-220_jpg.rf.0d9489e60cb7952062186d17e8b867cc.jpg,640,640,peacock,2,0,483,563
Indian-Peafowl-324_jpg.rf.0ddef67192469b1d5ba629efe7a46660.jpg,640,640,peacock,308,33,537,289
Indian-Peafowl-11_jpg.rf.0bfbe3c16f5d371826f7eb1df3a79e5a.jpg,640,640,peacock,144,130,316,431
Indian-Peafowl-202_jpg.rf.0ff2dfa019125b234026fbac84eca5f0.jpg,640,640,peacock,79,94,450,598
Indian-Peafowl-29_jpg.rf.0f494acce994fdf57afc339010b4525a.jpg,640,640,peacock,289,53,398,374
Indian-Peafowl-212_jpg.rf.1236aeda35b698100809dd2f0861d019.jpg,640,640,peacock,0,219,330,639
0f65ce88bff59327_jpg.rf.109503d3cfe5844cbd518a019bd2ff7e.jpg,640,640,Human,393,208,570,579
0f65ce88bff59327_jpg.rf.109503d3cfe5844cbd518a019bd2ff7e.jpg,640,640,Human,103,241,181,538
0f65ce88bff59327_jpg.rf.109503d3cfe5844cbd518a019bd2ff7e.jpg,640,640,Human,6,281,92,530
0f65ce88bff59327_jpg.rf.109503d3cfe5844cbd518a019bd2ff7e.jpg,640,640,Human,216,244,314,640
Indian-Peafowl-272_jpg.rf.10feca8e8a40d9bbc81fccaf44999f02.jpg,640,640,peacock,121,46,640,640
Indian-Peafowl-41_jpg.rf.12525ea3a3b505b6712bdbabb8aea29a.jpg,640,640,peacock,91,29,236,451
0bb6da75395c364c_jpg.rf.12544baf6ba409475c2a1b77ced594df.jpg,640,640,Human,46,338,205,640
0bb6da75395c364c_jpg.rf.12544baf6ba409475c2a1b77ced594df.jpg,640,640,Human,202,340,296,634
0bb6da75395c364c_jpg.rf.12544baf6ba409475c2a1b77ced594df.jpg,640,640,Human,419,309,506,571
0bb6da75395c364c_jpg.rf.12544baf6ba409475c2a1b77ced594df.jpg,640,640,Human,294,239,342,371
0bb6da75395c364c_jpg.rf.12544baf6ba409475c2a1b77ced594df.jpg,640,640,Human,224,258,280,378
0bb6da75395c364c_jpg.rf.12544baf6ba409475c2a1b77ced594df.jpg,640,640,Human,174,250,231,378
0bb6da75395c364c_jpg.rf.12544baf6ba409475c2a1b77ced594df.jpg,640,640,Human,93,170,146,252
0bb6da75395c364c_jpg.rf.12544baf6ba409475c2a1b77ced594df.jpg,640,640,Human,110,275,164,342
0bb6da75395c364c_jpg.rf.12544baf6ba409475c2a1b77ced594df.jpg,640,640,Human,0,255,34,569
0bb6da75395c364c_jpg.rf.12544baf6ba409475c2a1b77ced594df.jpg,640,640,Human,573,292,614,417
0bb6da75395c364c_jpg.rf.12544baf6ba409475c2a1b77ced594df.jpg,640,640,Human,496,251,542,342
0bb6da75395c364c_jpg.rf.12544baf6ba409475c2a1b77ced594df.jpg,640,640,Human,443,245,501,315
0bb6da75395c364c_jpg.rf.12544baf6ba409475c2a1b77ced594df.jpg,640,640,Human,604,260,635,301
0bb6da75395c364c_jpg.rf.12544baf6ba409475c2a1b77ced594df.jpg,640,640,Human,541,264,575,322
0bb6da75395c364c_jpg.rf.12544baf6ba409475c2a1b77ced594df.jpg,640,640,Human,366,262,417,359
Indian-Peafowl-115_jpg.rf.14e48001cdab713bc59d7f4c52fd5bd6.jpg,640,640,peacock,4,2,635,631
Indian-Peafowl-222_jpg.rf.13bc87de8b69993e7bc112e08106b6f3.jpg,640,640,peacock,134,86,474,592
Indian-Peafowl-66_jpg.rf.14a3f6f7f8ec41a14647041e0eacd513.jpg,640,640,peacock,221,31,602,640
Indian-Peafowl-78_jpg.rf.15d4083788d2ba8c5e864cd4951e1e84.jpg,640,640,peacock,277,0,536,640
0dea708a2b6a04c0_jpg.rf.178adeb727fb55ceb63c0939258ea6b7.jpg,640,640,Human,57,176,139,549
0dea708a2b6a04c0_jpg.rf.178adeb727fb55ceb63c0939258ea6b7.jpg,640,640,Human,158,185,204,569
0dea708a2b6a04c0_jpg.rf.178adeb727fb55ceb63c0939258ea6b7.jpg,640,640,Human,217,227,281,640
0dea708a2b6a04c0_jpg.rf.178adeb727fb55ceb63c0939258ea6b7.jpg,640,640,Human,325,143,408,449
0dea708a2b6a04c0_jpg.rf.178adeb727fb55ceb63c0939258ea6b7.jpg,640,640,Human,421,113,515,448
0dea708a2b6a04c0_jpg.rf.178adeb727fb55ceb63c0939258ea6b7.jpg,640,640,Human,559,94,640,362
0dea708a2b6a04c0_jpg.rf.178adeb727fb55ceb63c0939258ea6b7.jpg,640,640,Human,515,254,577,534
Indian-Peafowl-172_jpg.rf.14f32b5bf3b7f039ced0f0a5e5162762.jpg,640,640,peacock,274,77,457,337
Indian-Peafowl-172_jpg.rf.14f32b5bf3b7f039ced0f0a5e5162762.jpg,640,640,peacock,0,208,268,572
Indian-Peafowl-295_jpg.rf.16b2ce0ea232e650d75128e11f2c036f.jpg,640,640,peacock,212,146,294,300
0db2946e77e784e5_jpg.rf.19eecdd962fa83c82e372d183c1f5fde.jpg,640,640,Human,408,266,479,440
Indian-Peafowl-49_jpg.rf.18870dd4a313bfcdb5b6b469b34e271b.jpg,640,640,peacock,54,35,260,526
Indian-Peafowl-108_jpg.rf.1a9d9a31bbed80819afeffcbb56b2903.jpg,640,640,peacock,13,8,640,497
Indian-Peafowl-110_jpg.rf.1e31014116977b0f3b8070d50fed195f.jpg,640,640,peacock,291,105,491,539
Indian-Peafowl-219_jpg.rf.16213d98da7e5e08246803d6fc518c6b.jpg,640,640,peacock,167,11,637,640
Indian-Peafowl-333_jpg.rf.167b9d38deebeed864a1898c50c72d88.jpg,640,640,peacock,162,97,442,640
Indian-Peafowl-56_jpg.rf.1d3b20f559f913a3f15c37327ca2eeb4.jpg,640,640,peacock,1,321,478,640
Indian-Peafowl-181_jpg.rf.1cad766bc7a729118d1c58b33dd45f67.jpg,640,640,peacock,103,9,609,515
Indian-Peafowl-181_jpg.rf.1cad766bc7a729118d1c58b33dd45f67.jpg,640,640,peacock,105,0,640,640
0ee64fcc52f3747c_jpg.rf.1e40bc3b177caa549d22863d87a9e91b.jpg,640,640,Human,36,136,534,563
0ee64fcc52f3747c_jpg.rf.1e40bc3b177caa549d22863d87a9e91b.jpg,640,640,Human,66,0,302,341
Indian-Peafowl-102_jpg.rf.1e9dc08b0ce45cf1c156e0e3c0dc1eea.jpg,640,640,peacock,110,121,216,373
Indian-Peafowl-102_jpg.rf.1e9dc08b0ce45cf1c156e0e3c0dc1eea.jpg,640,640,peacock,282,318,557,508
1ad5de9fb0e0b1f3_jpg.rf.207dc50ff699c23be6290a636fa8ddf4.jpg,640,640,Human,354,113,489,301
1ad5de9fb0e0b1f3_jpg.rf.207dc50ff699c23be6290a636fa8ddf4.jpg,640,640,Human,255,364,323,492
1ad5de9fb0e0b1f3_jpg.rf.207dc50ff699c23be6290a636fa8ddf4.jpg,640,640,Human,43,320,75,410
1ad5de9fb0e0b1f3_jpg.rf.207dc50ff699c23be6290a636fa8ddf4.jpg,640,640,Human,17,320,43,415
1ad5de9fb0e0b1f3_jpg.rf.207dc50ff699c23be6290a636fa8ddf4.jpg,640,640,Human,592,342,633,388
1aad4f0a73914dff_jpg.rf.22a67f45ce010c97172ebc522ff1e066.jpg,640,640,Human,267,149,373,371
1aad4f0a73914dff_jpg.rf.22a67f45ce010c97172ebc522ff1e066.jpg,640,640,Human,120,380,593,523
1aad4f0a73914dff_jpg.rf.22a67f45ce010c97172ebc522ff1e066.jpg,640,640,Human,398,31,624,169
0fa85332e16760b3_jpg.rf.1ad722efe9e3a340e50b33c61b9427e7.jpg,640,640,Human,467,139,596,379
0fa85332e16760b3_jpg.rf.1ad722efe9e3a340e50b33c61b9427e7.jpg,640,640,Human,0,384,73,591
0fa85332e16760b3_jpg.rf.1ad722efe9e3a340e50b33c61b9427e7.jpg,640,640,Human,166,279,248,452
01d82e1ef90454b3_jpg.rf.26445839e5ab78a73db35d3ace484489.jpg,640,640,Human,0,311,640,596
Indian-Peafowl-93_jpg.rf.274d793d6430c392b0ad2e8f68a9e6e4.jpg,640,640,peacock,252,7,578,505
0ec063b9ccf0c49f_jpg.rf.258938c195b158ec0b8dd42a396afc62.jpg,640,640,Human,284,99,477,311
0ec063b9ccf0c49f_jpg.rf.258938c195b158ec0b8dd42a396afc62.jpg,640,640,Human,0,29,111,323
Indian-Peafowl-227_jpg.rf.2a99d649b65c3108c23f78227d5648ac.jpg,640,640,peacock,126,179,542,542
Indian-Peafowl-16_jpg.rf.2944e4f800301677bc2be0af24d96d55.jpg,640,640,peacock,77,72,361,311
Indian-Peafowl-189_jpg.rf.297676cb2f268b879168b22d59292763.jpg,640,640,peacock,153,101,457,493
Indian-Peafowl-7_jpg.rf.2ba63038c52d44544d9230538bc8055f.jpg,640,640,peacock,0,0,640,640
Indian-Peafowl-177_jpg.rf.2abc05498aeaf3686507d1a829e53fa1.jpg,640,640,peacock,205,104,409,462
1b8c5208889dacce_jpg.rf.2c0bb8fb50c55fc12f67d4cdf72580e3.jpg,640,640,Human,216,120,356,290
1b8c5208889dacce_jpg.rf.2c0bb8fb50c55fc12f67d4cdf72580e3.jpg,640,640,Human,58,143,211,347
1_263_png_jpg.rf.27a053f546770a54b05714b63d829d51.jpg,640,640,Human,69,81,273,640
1_259_png_jpg.rf.2d19c7f8e75bf4aeffb730dcb58f6f1c.jpg,640,640,Human,268,68,272,73
1_259_png_jpg.rf.2d19c7f8e75bf4aeffb730dcb58f6f1c.jpg,640,640,Human,287,34,396,132
Indian-Peafowl-184_jpg.rf.2ab4c95f5f6c89d6e7f6d77aa1640681.jpg,640,640,peacock,204,127,377,640
Indian-Peafowl-184_jpg.rf.2ab4c95f5f6c89d6e7f6d77aa1640681.jpg,640,640,peacock,94,47,640,640
Indian-Peafowl-302_jpg.rf.27f7f46342275dbaccf998b23ef342b2.jpg,640,640,peacock,227,37,296,267
0f180a1a90930d15_jpg.rf.2cfef88466c7426e5ff52dea07d8cbe3.jpg,640,640,Human,185,0,498,337
Indian-Peafowl-89_jpg.rf.2c50dad059f12283df3a044fea6f738c.jpg,640,640,peacock,397,77,640,537
Indian-Peafowl-5_jpg.rf.2f45de6662a019ae0f62f8951e82057c.jpg,640,640,peacock,75,58,578,561
0dc4602ed9ebee1f_jpg.rf.300694c840a06a3ada5b4d24630e65c0.jpg,640,640,Human,192,316,621,542
Indian-Peafowl-57_jpg.rf.2cf0c5fda7aa0d686b6695b21c8e6927.jpg,640,640,peacock,273,263,541,640
Indian-Peafowl-336_jpg.rf.2c8a8eda3f5c5d4cda6b31b48b39fc8e.jpg,640,640,peacock,8,0,527,619
1_251_png_jpg.rf.317c59d4eeae8d64bbc1ab4a18258ab3.jpg,640,640,Human,192,24,311,555
1_251_png_jpg.rf.317c59d4eeae8d64bbc1ab4a18258ab3.jpg,640,640,Human,154,0,320,108
1_234_png_jpg.rf.30d849e13619268d1eaba38316686de8.jpg,640,640,Human,346,27,490,152
1_234_png_jpg.rf.30d849e13619268d1eaba38316686de8.jpg,640,640,Human,448,175,538,281
Indian-Peafowl-157_jpg.rf.31b30b8b31c5829ec1c0d31f4f7e6bca.jpg,640,640,peacock,40,279,476,496
Indian-Peafowl-157_jpg.rf.31b30b8b31c5829ec1c0d31f4f7e6bca.jpg,640,640,peacock,152,276,640,639
01b0aeccf5a25336_jpg.rf.333ea4201f9658979672a93187997aaa.jpg,640,640,Human,27,168,68,222
01b0aeccf5a25336_jpg.rf.333ea4201f9658979672a93187997aaa.jpg,640,640,Human,128,295,152,335
01b0aeccf5a25336_jpg.rf.333ea4201f9658979672a93187997aaa.jpg,640,640,Human,153,262,175,293
01b0aeccf5a25336_jpg.rf.333ea4201f9658979672a93187997aaa.jpg,640,640,Human,175,289,198,332
01b0aeccf5a25336_jpg.rf.333ea4201f9658979672a93187997aaa.jpg,640,640,Human,207,260,239,307
01b0aeccf5a25336_jpg.rf.333ea4201f9658979672a93187997aaa.jpg,640,640,Human,249,225,276,260
01b0aeccf5a25336_jpg.rf.333ea4201f9658979672a93187997aaa.jpg,640,640,Human,257,302,279,331
01b0aeccf5a25336_jpg.rf.333ea4201f9658979672a93187997aaa.jpg,640,640,Human,304,304,330,327
01b0aeccf5a25336_jpg.rf.333ea4201f9658979672a93187997aaa.jpg,640,640,Human,344,295,378,349
01b0aeccf5a25336_jpg.rf.333ea4201f9658979672a93187997aaa.jpg,640,640,Human,396,302,428,337
01b0aeccf5a25336_jpg.rf.333ea4201f9658979672a93187997aaa.jpg,640,640,Human,472,307,499,335
01b0aeccf5a25336_jpg.rf.333ea4201f9658979672a93187997aaa.jpg,640,640,Human,503,290,524,317
01b0aeccf5a25336_jpg.rf.333ea4201f9658979672a93187997aaa.jpg,640,640,Human,545,310,574,346
01b0aeccf5a25336_jpg.rf.333ea4201f9658979672a93187997aaa.jpg,640,640,Human,609,217,637,248
01b0aeccf5a25336_jpg.rf.333ea4201f9658979672a93187997aaa.jpg,640,640,Human,566,220,601,257
01b0aeccf5a25336_jpg.rf.333ea4201f9658979672a93187997aaa.jpg,640,640,Human,350,239,390,282
01b0aeccf5a25336_jpg.rf.333ea4201f9658979672a93187997aaa.jpg,640,640,Human,317,220,347,252
01b0aeccf5a25336_jpg.rf.333ea4201f9658979672a93187997aaa.jpg,640,640,Human,83,222,125,273
01b0aeccf5a25336_jpg.rf.333ea4201f9658979672a93187997aaa.jpg,640,640,Human,196,256,238,299
01b0aeccf5a25336_jpg.rf.333ea4201f9658979672a93187997aaa.jpg,640,640,Human,508,217,536,253
01b0aeccf5a25336_jpg.rf.333ea4201f9658979672a93187997aaa.jpg,640,640,Human,473,221,510,259
01b0aeccf5a25336_jpg.rf.333ea4201f9658979672a93187997aaa.jpg,640,640,Human,412,220,443,251
0c32475c38240075_jpg.rf.307b52c0c5cff734e340f7fbdfdf5544.jpg,640,640,Human,170,93,249,241
1_243_png_jpg.rf.374425cd5b346ba93f7ab8e7a55c6d70.jpg,640,640,Human,370,57,531,203
0c1edf627a9bb89f_jpg.rf.374a8d5f8692ffcb9ff461876014f0b7.jpg,640,640,Human,86,0,379,622
Indian-Peafowl-100_jpg.rf.3167aae6797c81f1f80e949ccfd07f02.jpg,640,640,peacock,174,168,296,269
Indian-Peafowl-100_jpg.rf.3167aae6797c81f1f80e949ccfd07f02.jpg,640,640,peacock,130,410,142,417
Indian-Peafowl-100_jpg.rf.3167aae6797c81f1f80e949ccfd07f02.jpg,640,640,peacock,118,272,337,598
Indian-Peafowl-322_jpg.rf.37c4c232b35e7b197fa5d491015d3514.jpg,640,640,peacock,39,104,624,640
Indian-Peafowl-146_jpg.rf.310da80ddd01ecb0e596f766948adf86.jpg,640,640,peacock,318,258,523,444
Indian-Peafowl-146_jpg.rf.310da80ddd01ecb0e596f766948adf86.jpg,640,640,peacock,251,104,405,255
Indian-Peafowl-17_jpg.rf.39aa44bc8e5b9eaa6b1b9edb53cadc7c.jpg,640,640,peacock,205,94,500,640
1bad3e6cf03a068e_jpg.rf.39bb482ecb5a1607eae48de8cfcd1306.jpg,640,640,Human,361,147,462,361
1bad3e6cf03a068e_jpg.rf.39bb482ecb5a1607eae48de8cfcd1306.jpg,640,640,Human,282,162,354,323
1bad3e6cf03a068e_jpg.rf.39bb482ecb5a1607eae48de8cfcd1306.jpg,640,640,Human,195,168,246,305
Indian-Peafowl-179_jpg.rf.33acbd8ed028f764b32eec00721e9cf7.jpg,640,640,peacock,152,70,484,501
0e609fcc95297df8_jpg.rf.38c082869e07ef99d320fc5b537e71e9.jpg,640,640,Human,188,7,557,639
Indian-Peafowl-163_jpg.rf.34818e911d51f1af6d23911fcd2f7d34.jpg,640,640,peacock,232,221,453,417
Indian-Peafowl-163_jpg.rf.34818e911d51f1af6d23911fcd2f7d34.jpg,640,640,peacock,298,214,457,576
Indian-Peafowl-88_jpg.rf.3a4b933e49a818cd4bdc0daabc591b78.jpg,640,640,peacock,170,60,536,640
Indian-Peafowl-186_jpg.rf.3a291eafd130e7819ea06d7a2f513367.jpg,640,640,peacock,205,0,511,640
Indian-Peafowl-186_jpg.rf.3a291eafd130e7819ea06d7a2f513367.jpg,640,640,peacock,0,0,598,640
Indian-Peafowl-226_jpg.rf.32dd3cde6cbf3d2710afc17e5ff37794.jpg,640,640,peacock,19,139,508,447
1_277_png_jpg.rf.3c4c4768234d552d393b2d8302f158ae.jpg,640,640,Human,49,213,193,362
0bbea08152bec1da_jpg.rf.3c19eef12cc980a76faa9948c443a290.jpg,640,640,Human,412,282,556,456
1cf6e8b9710e1e49_jpg.rf.3db2c7b60303de00889510fa578407fc.jpg,640,640,Human,0,0,142,453
Indian-Peafowl-239_jpeg_jpg.rf.3d4f453712a4a2d0b2b2b9a9fbb7d481.jpg,640,640,peacock,192,56,536,605
Indian-Peafowl-47_jpg.rf.3a455537a838d4bbc5c1fb268cafa8d9.jpg,640,640,peacock,127,113,197,332
Indian-Peafowl-307_jpg.rf.3f5aa21a380cea1a5c2468218b90fa42.jpg,640,640,peacock,27,137,636,405
Indian-Peafowl-24_jpg.rf.3f51498336059f963371cd92d1889fc0.jpg,640,640,peacock,129,344,244,513
Indian-Peafowl-331_jpg.rf.3e29ec0bb5fe4d7873d2df557aeb3934.jpg,640,640,peacock,6,0,640,637
Indian-Peafowl-30_jpg.rf.3f0f5ba88c49775b4818f2f104b91918.jpg,640,640,peacock,154,85,295,357
Indian-Peafowl-293_jpg.rf.40b98e61b1ff1ac3a99d74a16a321f54.jpg,640,640,peacock,242,31,458,594
Indian-Peafowl-337_jpg.rf.4082ee22485f6e8e8142d4be6543a0d8.jpg,640,640,peacock,8,9,639,640
Indian-Peafowl-183_jpg.rf.40aa579e57b4bda15ed6370d9cf5ab52.jpg,640,640,peacock,15,24,607,622
0a0e24170ba9cb2a_jpg.rf.411a0307356576a0ea43bb15edcb68c8.jpg,640,640,Human,368,421,425,539
0a0e24170ba9cb2a_jpg.rf.411a0307356576a0ea43bb15edcb68c8.jpg,640,640,Human,447,428,485,513
0a0e24170ba9cb2a_jpg.rf.411a0307356576a0ea43bb15edcb68c8.jpg,640,640,Human,438,581,486,640
0a0e24170ba9cb2a_jpg.rf.411a0307356576a0ea43bb15edcb68c8.jpg,640,640,Human,518,342,558,427
0a0e24170ba9cb2a_jpg.rf.411a0307356576a0ea43bb15edcb68c8.jpg,640,640,Human,535,467,582,562
0a0e24170ba9cb2a_jpg.rf.411a0307356576a0ea43bb15edcb68c8.jpg,640,640,Human,72,594,133,640
0a0e24170ba9cb2a_jpg.rf.411a0307356576a0ea43bb15edcb68c8.jpg,640,640,Human,38,435,59,513
0a0e24170ba9cb2a_jpg.rf.411a0307356576a0ea43bb15edcb68c8.jpg,640,640,Human,579,345,604,393
Indian-Peafowl-125_jpg.rf.42a880df44f5c28d47834a5fa9054b53.jpg,640,640,peacock,163,66,552,640
Indian-Peafowl-190_jpg.rf.439be92949470fa87b89f26c08f6e4e7.jpg,640,640,peacock,317,211,640,640
Indian-Peafowl-138_jpg.rf.4396145723867fe076efec6604f40fb2.jpg,640,640,peacock,349,55,472,366
0d66f981612976d7_jpg.rf.454557294db5587c85ae84d9014c3da9.jpg,640,640,Human,62,225,170,384
0d66f981612976d7_jpg.rf.454557294db5587c85ae84d9014c3da9.jpg,640,640,Human,183,127,289,242
0d66f981612976d7_jpg.rf.454557294db5587c85ae84d9014c3da9.jpg,640,640,Human,442,261,531,357
0d66f981612976d7_jpg.rf.454557294db5587c85ae84d9014c3da9.jpg,640,640,Human,377,411,497,554
Indian-Peafowl-143_jpg.rf.3aadf1a040e911063257185cc6759aa5.jpg,640,640,peacock,302,131,598,640
Indian-Peafowl-143_jpg.rf.3aadf1a040e911063257185cc6759aa5.jpg,640,640,peacock,114,270,547,615
Indian-Peafowl-143_jpg.rf.3aadf1a040e911063257185cc6759aa5.jpg,640,640,peacock,210,122,257,185
Indian-Peafowl-54_jpg.rf.4562f00af782a30f7895147c673c1f09.jpg,640,640,peacock,1,4,640,640
1c9236955469a0f9_jpg.rf.476056324711e12a6313c3b47826e02c.jpg,640,640,Human,321,169,366,243
Indian-Peafowl-49_jpg.rf.44648b2d47f102605f6f7a8e7561f514.jpg,640,640,peacock,87,82,239,392
Indian-Peafowl-266_jpg.rf.47f54553e9ac612f66f4332085641085.jpg,640,640,peacock,37,231,612,554
Indian-Peafowl-107_jpg.rf.4ac82e548aad4f230a4b0fb2dca9e820.jpg,640,640,peacock,219,69,511,628
Indian-Peafowl-234_jpg.rf.4b49744fc78cbad1717267758d592a7a.jpg,640,640,peacock,65,32,620,640
Indian-Peafowl-136_jpg.rf.4688cbcf1159c48b845c9d929cef2f07.jpg,640,640,peacock,10,7,631,640
Indian-Peafowl-250_jpg.rf.5076ee0379e47a0b169f35d57df5036c.jpg,640,640,peacock,132,79,431,547
Indian-Peafowl-257_jpg.rf.522711e1c7af3e087f330cc3fd110504.jpg,640,640,peacock,196,92,640,623
1bf41c6931136703_jpg.rf.524b24f7578633044a819ca9fc07df43.jpg,640,640,Human,240,457,425,579
1bf41c6931136703_jpg.rf.524b24f7578633044a819ca9fc07df43.jpg,640,640,Human,438,441,495,583
1bf41c6931136703_jpg.rf.524b24f7578633044a819ca9fc07df43.jpg,640,640,Human,609,332,640,483

0edb621b8ed03a44_jpg.rf.53b45fdbba210cb207980d240c71edc7.jpg,640,640,Human,253,271,308,421
0edb621b8ed03a44_jpg.rf.53b45fdbba210cb207980d240c71edc7.jpg,640,640,Human,323,284,383,421
0edb621b8ed03a44_jpg.rf.53b45fdbba210cb207980d240c71edc7.jpg,640,640,Human,407,233,451,406
0edb621b8ed03a44_jpg.rf.53b45fdbba210cb207980d240c71edc7.jpg,640,640,Human,459,218,483,442
0edb621b8ed03a44_jpg.rf.53b45fdbba210cb207980d240c71edc7.jpg,640,640,Human,491,244,516,420
0edb621b8ed03a44_jpg.rf.53b45fdbba210cb207980d240c71edc7.jpg,640,640,Human,131,292,175,443
0edb621b8ed03a44_jpg.rf.53b45fdbba210cb207980d240c71edc7.jpg,640,640,Human,197,307,248,445
0edb621b8ed03a44_jpg.rf.53b45fdbba210cb207980d240c71edc7.jpg,640,640,Human,539,245,594,397
Indian-Peafowl-275_jpg.rf.5305224141f284b90fa32681b699411f.jpg,640,640,peacock,33,122,598,386
0cdfbfa83fed6158_jpg.rf.5753d3ab7ed20b8c53a27deae2f1739b.jpg,640,640,Human,158,50,497,640
Indian-Peafowl-28_jpg.rf.4981bac670e898dab49a077465a27237.jpg,640,640,peacock,157,50,431,638
1_246_png_jpg.rf.54a1e2471359df6c4fb9fb76729acfeb.jpg,640,640,Human,121,70,283,251
Indian-Peafowl-166_jpg.rf.5a70c55b5ad74b2e8118b8acbbc330d8.jpg,640,640,peacock,166,74,525,305
0a4092e58fd2199f_jpg.rf.5c1d478224745f0f34324f9e9abbf1a6.jpg,640,640,Human,209,327,277,508
0a4092e58fd2199f_jpg.rf.5c1d478224745f0f34324f9e9abbf1a6.jpg,640,640,Human,129,335,171,455
0a4092e58fd2199f_jpg.rf.5c1d478224745f0f34324f9e9abbf1a6.jpg,640,640,Human,374,401,378,404
0a4092e58fd2199f_jpg.rf.5c1d478224745f0f34324f9e9abbf1a6.jpg,640,640,Human,370,473,404,590
0a4092e58fd2199f_jpg.rf.5c1d478224745f0f34324f9e9abbf1a6.jpg,640,640,Human,479,558,529,634
0a4092e58fd2199f_jpg.rf.5c1d478224745f0f34324f9e9abbf1a6.jpg,640,640,Human,77,553,121,629
0a4092e58fd2199f_jpg.rf.5c1d478224745f0f34324f9e9abbf1a6.jpg,640,640,Human,118,498,161,578
0a4092e58fd2199f_jpg.rf.5c1d478224745f0f34324f9e9abbf1a6.jpg,640,640,Human,32,466,66,522
0a4092e58fd2199f_jpg.rf.5c1d478224745f0f34324f9e9abbf1a6.jpg,640,640,Human,77,456,111,524
Indian-Peafowl-76_jpg.rf.56822549250280cd7d52a4e0716f86a4.jpg,640,640,peacock,56,47,345,640
Indian-Peafowl-91_jpg.rf.54ec2a61cd1b33352f4f2e3c5d263610.jpg,640,640,peacock,188,347,404,640
Indian-Peafowl-45_jpg.rf.5e381012b9024a69072ebbad64aff47c.jpg,640,640,peacock,111,1,480,640
0ef87e67cf09cdbe_jpg.rf.5f307f8ee754a21f7b482c12d171e6ed.jpg,640,640,Human,39,70,614,568
Indian-Peafowl-149_jpg.rf.5eafc9910dd8eae12b784372d012be19.jpg,640,640,peacock,52,56,380,513
Indian-Peafowl-199_jpg.rf.5a62b93fd488dc733406552f689a3dd3.jpg,640,640,peacock,231,63,460,640
Indian-Peafowl-236_jpg.rf.5f4b3a68b8660b3dfd0b53ababf5fefb.jpg,640,640,peacock,17,12,640,640
Indian-Peafowl-72_jpg.rf.5c2aedfdcffb399272c0a78fc3ed1bb1.jpg,640,640,peacock,192,106,465,640
Indian-Peafowl-279_jpg.rf.61427f76ab30e531d35247e0b4d9ef52.jpg,640,640,peacock,31,17,614,577
1_249_png_jpg.rf.62c91c745b606710b387fbda447bfb7b.jpg,640,640,Human,450,34,587,325
1_249_png_jpg.rf.62c91c745b606710b387fbda447bfb7b.jpg,640,640,Human,190,226,330,453
Indian-Peafowl-156_jpg.rf.61f9d9ffa9642b78b15a959f8fa418b1.jpg,640,640,peacock,291,29,397,462
Indian-Peafowl-156_jpg.rf.61f9d9ffa9642b78b15a959f8fa418b1.jpg,640,640,peacock,195,271,400,640
Indian-Peafowl-156_jpg.rf.61f9d9ffa9642b78b15a959f8fa418b1.jpg,640,640,peacock,178,19,399,623
Indian-Peafowl-155_jpg.rf.5341956b48eec022b112e8af6a304638.jpg,640,640,peacock,96,43,219,268
Indian-Peafowl-155_jpg.rf.5341956b48eec022b112e8af6a304638.jpg,640,640,peacock,218,144,625,612
Indian-Peafowl-45_jpg.rf.5da73deefd86ea81b769d46c0c13b794.jpg,640,640,peacock,66,0,578,640
Indian-Peafowl-68_jpg.rf.5b743730b5a5b48322985c58277a00f2.jpg,640,640,peacock,154,9,544,640
Indian-Peafowl-253_jpg.rf.61227ce2a6c27978c0b4e412d1ac68f9.jpg,640,640,peacock,41,29,436,640
Indian-Peafowl-26_jpg.rf.62e514dcf6f8f17040211ce88860c456.jpg,640,640,peacock,349,71,541,416
0e113c25a407cf85_jpg.rf.61e98c0ba03c1567e6aabee6adcce9a3.jpg,640,640,Human,227,92,640,640
Indian-Peafowl-46_jpg.rf.673f9e44549cab6f0f0d0356df8b5c0c.jpg,640,640,peacock,392,120,517,294
Indian-Peafowl-292_jpg.rf.64d16f2176fa1a81226358a64de078c3.jpg,640,640,peacock,202,162,340,432
Indian-Peafowl-242_jpg.rf.6150ac5b687238b89ed0f23f99261c47.jpg,640,640,peacock,47,46,640,515
Indian-Peafowl-127_jpg.rf.66d1c02c92ec2f27093d8a1837e3a397.jpg,640,640,peacock,460,91,561,280
Indian-Peafowl-18_jpg.rf.69a8631c99565990b54f4150fed43d3e.jpg,640,640,peacock,113,60,530,626
Indian-Peafowl-285_jpg.rf.69c6919224573053a0fcf858a89b3036.jpg,640,640,peacock,56,60,523,589

Indian-Peafowl-309_jpg.rf.6a4e0145355bcd45d4521a04ef19e613.jpg,640,640,peacock,195,157,513,640
0fe5c8f2a59469d0_jpg.rf.68961b5759bbbcedcc205baf5e2e91e5.jpg,640,640,Human,363,266,511,547
0feb486f5a4f77fa_jpg.rf.6a3685c6f10b39d0c70c250c59c94864.jpg,640,640,Human,14,241,86,376
0feb486f5a4f77fa_jpg.rf.6a3685c6f10b39d0c70c250c59c94864.jpg,640,640,Human,113,202,185,352
0feb486f5a4f77fa_jpg.rf.6a3685c6f10b39d0c70c250c59c94864.jpg,640,640,Human,53,151,99,240
0feb486f5a4f77fa_jpg.rf.6a3685c6f10b39d0c70c250c59c94864.jpg,640,640,Human,24,92,58,149
0feb486f5a4f77fa_jpg.rf.6a3685c6f10b39d0c70c250c59c94864.jpg,640,640,Human,75,94,103,157
0feb486f5a4f77fa_jpg.rf.6a3685c6f10b39d0c70c250c59c94864.jpg,640,640,Human,133,161,178,221
0feb486f5a4f77fa_jpg.rf.6a3685c6f10b39d0c70c250c59c94864.jpg,640,640,Human,211,176,245,233
0feb486f5a4f77fa_jpg.rf.6a3685c6f10b39d0c70c250c59c94864.jpg,640,640,Human,205,226,263,345
0feb486f5a4f77fa_jpg.rf.6a3685c6f10b39d0c70c250c59c94864.jpg,640,640,Human,274,224,320,374
0feb486f5a4f77fa_jpg.rf.6a3685c6f10b39d0c70c250c59c94864.jpg,640,640,Human,325,216,362,370
0feb486f5a4f77fa_jpg.rf.6a3685c6f10b39d0c70c250c59c94864.jpg,640,640,Human,368,210,409,352
0feb486f5a4f77fa_jpg.rf.6a3685c6f10b39d0c70c250c59c94864.jpg,640,640,Human,340,174,364,219
0feb486f5a4f77fa_jpg.rf.6a3685c6f10b39d0c70c250c59c94864.jpg,640,640,Human,279,180,320,241
0feb486f5a4f77fa_jpg.rf.6a3685c6f10b39d0c70c250c59c94864.jpg,640,640,Human,221,130,262,186
0feb486f5a4f77fa_jpg.rf.6a3685c6f10b39d0c70c250c59c94864.jpg,640,640,Human,183,135,219,186
0feb486f5a4f77fa_jpg.rf.6a3685c6f10b39d0c70c250c59c94864.jpg,640,640,Human,133,104,164,147
0feb486f5a4f77fa_jpg.rf.6a3685c6f10b39d0c70c250c59c94864.jpg,640,640,Human,426,224,468,280
0feb486f5a4f77fa_jpg.rf.6a3685c6f10b39d0c70c250c59c94864.jpg,640,640,Human,431,185,467,217
0feb486f5a4f77fa_jpg.rf.6a3685c6f10b39d0c70c250c59c94864.jpg,640,640,Human,496,212,532,270
0feb486f5a4f77fa_jpg.rf.6a3685c6f10b39d0c70c250c59c94864.jpg,640,640,Human,600,166,640,248
0feb486f5a4f77fa_jpg.rf.6a3685c6f10b39d0c70c250c59c94864.jpg,640,640,Human,523,123,559,185
0feb486f5a4f77fa_jpg.rf.6a3685c6f10b39d0c70c250c59c94864.jpg,640,640,Human,557,140,590,190
0feb486f5a4f77fa_jpg.rf.6a3685c6f10b39d0c70c250c59c94864.jpg,640,640,Human,298,38,320,80
0feb486f5a4f77fa_jpg.rf.6a3685c6f10b39d0c70c250c59c94864.jpg,640,640,Human,379,143,403,186
0feb486f5a4f77fa_jpg.rf.6a3685c6f10b39d0c70c250c59c94864.jpg,640,640,Human,301,107,317,139
0feb486f5a4f77fa_jpg.rf.6a3685c6f10b39d0c70c250c59c94864.jpg,640,640,Human,276,97,296,142
0d49cfffb6663bbb_jpg.rf.6fb9c2cb26d06715e52e253ef3776b78.jpg,640,640,Human,123,118,557,564
1_242_png_jpg.rf.6b7bb11fffbf143d396704f5ec437dd9.jpg,640,640,Human,61,122,195,263
Indian-Peafowl-200_jpg.rf.6d25e1bf188187885384bfdb0fd0b2fc.jpg,640,640,peacock,95,60,541,332
Indian-Peafowl-14_jpg.rf.725fc4cf83b024f53663add2adbce5b6.jpg,640,640,peacock,0,0,640,640
Indian-Peafowl-249_jpg.rf.6ecbd203518c382842a76741c8ba52fe.jpg,640,640,peacock,133,13,603,640
Indian-Peafowl-86_jpg.rf.7322834c62dffa1c26850a8fd79a1dce.jpg,640,640,peacock,31,35,640,640
Indian-Peafowl-135_jpg.rf.723eaddcb522ea15fdbba1296788d64f.jpg,640,640,peacock,5,11,639,633
Indian-Peafowl-129_jpg.rf.74a513e31750e5e1768a1e45858d5b72.jpg,640,640,peacock,183,72,470,328
Indian-Peafowl-198_jpg.rf.7398de4991d63e43e1b23207226eb576.jpg,640,640,peacock,268,10,472,496
1ab2e0e7424ed688_jpg.rf.73b44302e89a781bf979715720caed86.jpg,640,640,Human,255,28,462,474
Indian-Peafowl-137_jpg.rf.754f2cf942a6f761a6f48e430b38c03c.jpg,640,640,peacock,5,12,638,638
Indian-Peafowl-263_jpg.rf.79838dec98954a745701a95ff13e9f13.jpg,640,640,peacock,86,10,470,640
0fdc46cd8efe3611_jpg.rf.77c7b2c850a67b01d6f5d90afebd9fbe.jpg,640,640,Human,235,171,326,419
0fdc46cd8efe3611_jpg.rf.77c7b2c850a67b01d6f5d90afebd9fbe.jpg,640,640,Human,318,168,430,403
Indian-Peafowl-40_jpg.rf.7cd83aaadd09a92515a7baa7c87f49a9.jpg,640,640,peacock,179,80,453,496
Indian-Peafowl-46_jpg.rf.70653481722eb34a62770adf13231142.jpg,640,640,peacock,339,16,569,502
Indian-Peafowl-94_jpg.rf.7a4ed60ba79733817502c67cd2330e50.jpg,640,640,peacock,36,4,483,552
Indian-Peafowl-27_jpg.rf.7d60e5b4155aa75c23d37918b3344985.jpg,640,640,peacock,189,55,528,640
Indian-Peafowl-103_jpg.rf.7b0dec4fb52a6d7c2b10a8831bd9b660.jpg,640,640,peacock,142,380,426,482
1b59a0c4b5cf8026_jpg.rf.77b8ab7ca60b1f928433cf808fb76c8d.jpg,640,640,Human,2,106,195,640
1_260_png_jpg.rf.7be8831c4ccd81ba630cc1771be1a7ad.jpg,640,640,Human,74,102,213,213
Indian-Peafowl-6_jpg.rf.7d6d25d93789f8b1c226e10cbc25cfc6.jpg,640,640,peacock,388,19,611,527
0f06afd0f2011c62_jpg.rf.78ded772242b05273f92d9ab3791090a.jpg,640,640,Human,176,74,320,590
0f06afd0f2011c62_jpg.rf.78ded772242b05273f92d9ab3791090a.jpg,640,640,Human,24,3,169,595
1c4c772cf1f11436_jpg.rf.7f1070f32cd01dd853383906ba0b5f51.jpg,640,640,Human,342,125,422,615
1c4c772cf1f11436_jpg.rf.7f1070f32cd01dd853383906ba0b5f51.jpg,640,640,Human,219,122,297,556
Indian-Peafowl-67_jpg.rf.8073cc42f9592d39c4a89d90c1c988d5.jpg,640,640,peacock,236,35,633,640
Indian-Peafowl-104_jpg.rf.7dc632016013eaaaec08e54ecb6a8be8.jpg,640,640,peacock,323,226,455,395
Indian-Peafowl-104_jpg.rf.7dc632016013eaaaec08e54ecb6a8be8.jpg,640,640,peacock,279,349,311,419
Indian-Peafowl-48_jpg.rf.8123915a90cc20711e5ad7e73116a37e.jpg,640,640,peacock,299,65,515,482
Indian-Peafowl-248_jpg.rf.80acad5c74e936d7e276039923b13199.jpg,640,640,peacock,50,89,575,640
0b98240ce98dc258_jpg.rf.7fcd931cf07769892cb484439c8ce4be.jpg,640,640,Human,81,181,233,568
0b98240ce98dc258_jpg.rf.7fcd931cf07769892cb484439c8ce4be.jpg,640,640,Human,356,282,569,503
Indian-Peafowl-256_jpg.rf.820f4c477fe6fff2351d2ad7742e8733.jpg,640,640,peacock,1,0,640,640
Indian-Peafowl-122_jpg.rf.8125729a1846a5278421a8042bf2f708.jpg,640,640,peacock,2,4,635,640
Indian-Peafowl-208_jpg.rf.820a838d21e6a2e020e6c1e3e6cfe841.jpg,640,640,peacock,214,320,412,477
Indian-Peafowl-320_jpg.rf.72e6de3892d63be8b7d8507b5909f319.jpg,640,640,peacock,0,49,486,640
Indian-Peafowl-1_jpg.rf.82e5ea48de328056d8742c307a2ff2cd.jpg,640,640,peacock,41,88,564,640
0b38308b40aba634_jpg.rf.80cd2ed8820ab10fa567c01d0244f308.jpg,640,640,Human,216,97,511,557

Indian-Peafowl-77_jpg.rf.878a85e79e519399e3118650a8f2646a.jpg,640,640,peacock,120,19,576,640
Indian-Peafowl-4_jpg.rf.87fef309c18896ff2149dbddfd67a31b.jpg,640,640,peacock,109,35,530,557
Indian-Peafowl-154_jpg.rf.82eb31614cfea159850f3299df2129ef.jpg,640,640,peacock,274,59,468,441
Indian-Peafowl-154_jpg.rf.82eb31614cfea159850f3299df2129ef.jpg,640,640,peacock,52,256,431,640
Indian-Peafowl-154_jpg.rf.82eb31614cfea159850f3299df2129ef.jpg,640,640,peacock,3,195,400,618
Indian-Peafowl-165_jpg.rf.847941ff2f461faf343d4e3499a1af4a.jpg,640,640,peacock,125,92,226,477
Indian-Peafowl-165_jpg.rf.847941ff2f461faf343d4e3499a1af4a.jpg,640,640,peacock,400,140,521,458
Indian-Peafowl-165_jpg.rf.847941ff2f461faf343d4e3499a1af4a.jpg,640,640,peacock,357,283,526,551
0e800b64a7adf7b5_jpg.rf.7e2f32958c6c9e1134d6d7cb13f4ed6f.jpg,640,640,Human,267,315,327,462
0e800b64a7adf7b5_jpg.rf.7e2f32958c6c9e1134d6d7cb13f4ed6f.jpg,640,640,Human,68,335,106,415
Indian-Peafowl-60_jpg.rf.868f64e495cad18342a8249bccc4b399.jpg,640,640,peacock,62,29,639,640
1_233_png_jpg.rf.8a15783308952602d2645f43fd080fcb.jpg,640,640,Human,55,128,181,610
1_233_png_jpg.rf.8a15783308952602d2645f43fd080fcb.jpg,640,640,Human,316,180,542,575
Indian-Peafowl-267_jpg.rf.8bd9080e8a2776b5b310489d43f5ec9c.jpg,640,640,peacock,58,254,625,582
1af23f589eb6a490_jpg.rf.8b24bd1bfe4f0016355d13c111730e46.jpg,640,640,Human,68,173,378,617
0d155561861fa6ac_jpg.rf.8e006646076f907e70c293ce55f09f8f.jpg,640,640,Human,474,205,537,446
0d155561861fa6ac_jpg.rf.8e006646076f907e70c293ce55f09f8f.jpg,640,640,Human,185,272,291,441
0d155561861fa6ac_jpg.rf.8e006646076f907e70c293ce55f09f8f.jpg,640,640,Human,82,96,132,210
0d155561861fa6ac_jpg.rf.8e006646076f907e70c293ce55f09f8f.jpg,640,640,Human,17,65,67,209
1d001cf59ad5d86b_jpg.rf.89f41475d4c3e45b696e0d4a41112e35.jpg,640,640,Human,380,117,593,604
Indian-Peafowl-159_jpg.rf.8cf4a94a1e692c6aaba7dfc8806dfdb1.jpg,640,640,peacock,74,44,262,619
Indian-Peafowl-159_jpg.rf.8cf4a94a1e692c6aaba7dfc8806dfdb1.jpg,640,640,peacock,372,133,640,458
Indian-Peafowl-159_jpg.rf.8cf4a94a1e692c6aaba7dfc8806dfdb1.jpg,640,640,peacock,318,531,640,640
Indian-Peafowl-214_jpg.rf.8ed0d1a0dcdf7ce7a9a01983337dfc00.jpg,640,640,peacock,99,299,431,566
Indian-Peafowl-80_jpg.rf.8f92bb753bcd74c9147df98777f3797f.jpg,640,640,peacock,196,201,438,640
Indian-Peafowl-262_jpg.rf.8b0f430e94d7c9744dfbbb1023742d34.jpg,640,640,peacock,183,54,513,640
00bce4f3ba157709_jpg.rf.8c627780a7050dc3f9770e9e14210c38.jpg,640,640,Human,82,376,111,409
00bce4f3ba157709_jpg.rf.8c627780a7050dc3f9770e9e14210c38.jpg,640,640,Human,179,368,204,388
00bce4f3ba157709_jpg.rf.8c627780a7050dc3f9770e9e14210c38.jpg,640,640,Human,307,410,342,454
00bce4f3ba157709_jpg.rf.8c627780a7050dc3f9770e9e14210c38.jpg,640,640,Human,450,340,498,415
00bce4f3ba157709_jpg.rf.8c627780a7050dc3f9770e9e14210c38.jpg,640,640,Human,403,377,442,447
00bce4f3ba157709_jpg.rf.8c627780a7050dc3f9770e9e14210c38.jpg,640,640,Human,32,349,54,379
00bce4f3ba157709_jpg.rf.8c627780a7050dc3f9770e9e14210c38.jpg,640,640,Human,214,379,252,461
0c96128681a9d69c_jpg.rf.8e866e5bda49ac6fff41891c886afcd3.jpg,640,640,Human,156,0,420,376
0d463dea8a720b1b_jpg.rf.92be9f5e6e112f48ddca4b9372505684.jpg,640,640,Human,273,327,395,584
0d463dea8a720b1b_jpg.rf.92be9f5e6e112f48ddca4b9372505684.jpg,640,640,Human,409,306,519,613
0d463dea8a720b1b_jpg.rf.92be9f5e6e112f48ddca4b9372505684.jpg,640,640,Human,553,253,611,427
0d463dea8a720b1b_jpg.rf.92be9f5e6e112f48ddca4b9372505684.jpg,640,640,Human,282,189,310,271
0d463dea8a720b1b_jpg.rf.92be9f5e6e112f48ddca4b9372505684.jpg,640,640,Human,380,173,418,313
0d463dea8a720b1b_jpg.rf.92be9f5e6e112f48ddca4b9372505684.jpg,640,640,Human,438,199,489,319
0d463dea8a720b1b_jpg.rf.92be9f5e6e112f48ddca4b9372505684.jpg,640,640,Human,251,202,287,284
0d463dea8a720b1b_jpg.rf.92be9f5e6e112f48ddca4b9372505684.jpg,640,640,Human,184,209,214,283
0d463dea8a720b1b_jpg.rf.92be9f5e6e112f48ddca4b9372505684.jpg,640,640,Human,40,292,84,372
0d463dea8a720b1b_jpg.rf.92be9f5e6e112f48ddca4b9372505684.jpg,640,640,Human,191,290,229,362
Indian-Peafowl-343_jpg.rf.8e50aacc56136317e0e79643aa2f7217.jpg,640,640,peacock,128,135,542,640
Indian-Peafowl-264_jpeg_jpg.rf.92d33216fdbd51b4cc437659ba5c4a17.jpg,640,640,peacock,165,23,460,640
Indian-Peafowl-40_jpg.rf.9315586f9e151b8ba81a903e3ac1d7c9.jpg,640,640,peacock,179,52,625,640
Indian-Peafowl-120_jpg.rf.9384b5d7b296d33fffc2c6cf38377911.jpg,640,640,peacock,72,201,307,640
Indian-Peafowl-160_jpg.rf.93b9cd8f15506e1a77fd8bf6437750ba.jpg,640,640,peacock,144,72,469,436
Indian-Peafowl-160_jpg.rf.93b9cd8f15506e1a77fd8bf6437750ba.jpg,640,640,peacock,326,214,640,521
0d5d629f902371de_jpg.rf.93a00a023e2ccd5379c1ffc59ad7c884.jpg,640,640,Human,248,0,512,272
Indian-Peafowl-63_jpg.rf.954004684da0c0a999b8a86e05c4d411.jpg,640,640,peacock,47,38,541,575
Indian-Peafowl-8_jpg.rf.961fe5d696068c2c711bf633ab0e243a.jpg,640,640,peacock,152,12,567,640
1_245_png_jpg.rf.97c823dde137c10e247ff390e08a85a7.jpg,640,640,Human,248,36,395,506
-1-_jpg.rf.9525cabd35efce71f20c6e2a18c96ca9.jpg,640,640,Human,0,200,137,353
-1-_jpg.rf.9525cabd35efce71f20c6e2a18c96ca9.jpg,640,640,Human,272,66,334,142
-1-_jpg.rf.9525cabd35efce71f20c6e2a18c96ca9.jpg,640,640,Human,356,40,404,130
-1-_jpg.rf.9525cabd35efce71f20c6e2a18c96ca9.jpg,640,640,Human,497,235,609,358
-1-_jpg.rf.9525cabd35efce71f20c6e2a18c96ca9.jpg,640,640,Human,416,0,487,72
Indian-Peafowl-176_jpg.rf.96916e90db51e329dc920fdc53013d70.jpg,640,640,peacock,168,50,380,568
Indian-Peafowl-176_jpg.rf.96916e90db51e329dc920fdc53013d70.jpg,640,640,peacock,257,336,560,640
Indian-Peafowl-121_jpg.rf.94b4392611129533f2bcb9949d26fd89.jpg,640,640,peacock,248,261,614,640
Indian-Peafowl-344_jpg.rf.94e09d928edee66011ba23abdd147b45.jpg,640,640,peacock,87,19,529,640
Indian-Peafowl-351_jpg.rf.9b968332c7f475ed2c08c6d320e37056.jpg,640,640,peacock,110,69,419,640
Indian-Peafowl-232_jpg.rf.99255ac4f726846ec21bfed02637b19c.jpg,640,640,peacock,207,111,487,557
1_256_png_jpg.rf.9947c05b49edf0bee093cbe5bc30e302.jpg,640,640,Human,258,114,361,265
1_256_png_jpg.rf.9947c05b49edf0bee093cbe5bc30e302.jpg,640,640,Human,376,204,516,394